124364;;Салат Шведский, цена за кг
255613;;Грибы Рыжики соленые, цена за кг
159118;;ФУД Хе из курицы, цена за кг
203816;;Ассорти из оливок ГРЕКО (халкидики,альфонсо,блондин), цена за кг  (банка 3,2кг,сух/вес 1,8кг)
263017;;Язык с грибами под сыром, цена за кг
106848;;Свекла с грецким орехом 150г, цена за шт
198596;;Филе куриное Нежность Мистер Хе, цена за кг
106635;;Салат Петровский 150г, цена за шт
149891;;Салат с говядиной, цена за кг
159106;;Голень куриная гриль, цена за кг
205121;;Салат Гнездо глухаря, цена за кг
173974;;Соус Особый, цена за кг
124379;;Соус Пикантный, цена за кг
93338;;ФУД Набор для винегрета, цена за кг
108013;;Хе из терпуга ИП Салиджанов, цена за кг
164879;;Ролл Сяке-маки (семга с\с), кг
108194;;Морковь отварная, цена за кг
93229;;Салат Мимоза 150г, цена за шт
157057;;Филе куриное Нежность Мистер Хе, цена за кг
123136;;Салат Римские каникулы, цена за кг
172258;;Салат Гурман, цена за кг
148113;;Сок апельсиново-грейфрутовый фреш 0,5 л , цена за бут.
106484;;Морковча с мясом Мистер Хе, цена за кг
163558;;Морковь отварная, цена за кг
107921;;Свинина по итальянски, цена за кг
212106;;Салат Грибная шуба, цена за кг
100127;;Фунчеза ИП Салиджанов 150г пл/уп
192705;;Салат Морячка, цена за кг
169851;;Желудки куриные ИП Салиджанов, цена за кг
252711;;Камбала жареная, цена за кг
197804;;Салат Мистер Хе Шанхай 150г, цена за шт
100125;;Морковча ИП Салиджанов, цена за кг
252721;;Хе из баклажан Мистер Хе 150г пл/уп
121942;;ФУД Пасхальные яйца, цена за штуку
93436;;Квише с ветчиной, цена за кг
252718;;РЕСТОРАТОР Колбаски гриль, цена за кг
102425;;Баклажаны ИП Салиджанов, цена за кг
212312;;Жар-Пицца Пирог с свининой/луком 100г
163547;;Ролл Нежный (семга охл, угорь копч.,кунжут, авокадо, васаби), кг
155506;;Оливки Грека Халкидики с/к в маринаде, цена за кг (банка 3кг,сух/вес 1,8 кг.)
214890;;Морковча ИП Салиджанов, цена за кг
165084;;Желе из яблок 180г
127292;;Рыба ФудФиш, цена за кг (Пр-во) 1
124369;;Свинина запеченная с овощами, цена за кг
100110;;Тарталетки с грибным жульеном, цена за кг
169192;;Морская капуста с авокадо и сладким перцем Мистер Хе, цена за кг
186917;;Рождественская утка, цена за кг
124384;;Рулетик куриный с грибами гриль, цена за кг
178556;;Жар-Пицца Пирог с карт/мясом 100г
203824;;Салат Молодость с проростками овса и рукколой, 0,2кг, цена за шт.
208822;;Сыр Копченый Охотничий Золотые горы 200г в/у
139899;;Грибы белые ИП Салиджанов 150г пл/уп
105928;;Салат Бонжур 210г, цена за шт.
102682;;Суши Текка маки (рол с лососем) 95г, цена за порцию
256188;;Манты, цена за кг
106290;;Зеленый Коктейль Дачный 0,3 л , цена за шт.
148108;;Свиные ушки Мистер Хе 150г пл/уп
210447;;Суши Ассорти ИП Салиджанов 200г пл/уп
102670;;Бифштекс рубленый, цена за кг
192712;;Опята ИП Салиджанов 150г пл/уп
121715;;Форель слабосоленая стейк, цена за кг
93219;;Котлета рыбная, цена за кг
106637;;ЛАМА Куриные желудки за 1кг
171873;;Баклажаны с мясом Мистер Хе, цена за кг
101930;;ЛАМА Салат Цезарь, цена за кг
107742;;Капуста тушеная, цена за кг
125100;;Баклажаны ИП Салиджанов, цена за кг
105921;;Суши с икрой ИП Салиджанов 200г пл/уп
108192;;Жар-Пицца Пирог с свининой/луком 100г
102843;;Салат из свежей капусты Мистер Хе, цена за кг
106103;;Смак  18
102439;;Имбирь маринованый Мистер Хе 50г
212105;;Перец фаршированный овощами и рисом, цена за кг
106488;;Салат 5 Авеню, цена за кг
157068;;Бутерброд с овощами, цена за шт.
203818;;Рагу из баклажан, цена за кг
106832;;Салат из спаржи Мистер Хе 150г пл/уп
106288;;Салат Гнездо глухаря 150г, цена за шт
257985;;Каша пшеничная Сила и бодрость, 0,2кг, цена за шт.
104230;;РЕСТОРАТОР Салат Цезарь, цена за кг
252736;;Салат Мистер Хе Себастьян, цена за кг
146000;;Салат Гурман, цена за кг
93418;;ЛАМА Цыплята табака, цена за кг
147060;;Биточки Муромские, цена за кг
80581;;ФУД Заливное из курицы 180г
100179;;Салат из капусты Мистер Хе 150г пл/уп
174698;;Инжир ГРЕКО с сыром фета, цена за кг (пл/банка 3,1кг, сух/вес 1,8кг)
214891;;Салат Успенский, цена за кг
139910;;Свинина деликатесная, цена за кг
157094;;Заправка для супов, цена за кг
58708;;Суши с угрем Мистер Хе, цена за кг
102669;;Салат Русский размер, цена за кг
147065;;Салат Ярославна, цена за кг
130002;;Салат Капель, цена за кг
102467;;Домашний ресторан Салат Каприз 150г, цена за шт
252735;;ЛАМА Набор для окрошки, цена за кг
124359;;Жар-Пицца Пирог с яйцом/луком 100г
99894;;ФУД Заливное из говядины 180г, цена за шт
105918;;Салат Постный, цена за кг
100113;;Зеленый Коктейль Для мужчин 0,3 л , цена за шт.
107782;;Спаржа ИП Салиджанов 150г пл/уп
102437;;ЛАМА Свекла отварная, цена за кг
151804;;Морковча с мясом ИП Салиджанов, цена за кг
257440;;Жар-Пицца Курник 130г
93322;;Оливки ГРЕКО Халкидики с сыром фета, цена за кг (пл/банка 3,1кг, сух/вес 1,8кг)
93315;;Имбирь маринованый Мистер Хе 50г
106840;;Салат с говядиной, цена за кг
76961;;ФУД Крылья в фирм.соусе Подворье, цена за кг
173980;;Цветная капуста в сухарях, цена за кг
121754;;Форель слабосоленая стейк, цена за кг
263022;;Жар-Пицца Курник 130г
157055;;Сельдь по-русски, цена за кг
127291;;Салат Крабовый 150г, цена за шт
117261;;Торт печеночный Томичка, цена за кг
102674;;Папоротник ИП Салиджанов 150г пл/уп
153921;;Салат 5 Авеню, цена за кг
192814;;Домашний ресторан Салат Столичный 150г, цена за шт
214913;;Запеканка творожная с вишней, цена за кг
173977;;Домашний ресторан Салат Африка, цена за кг
197805;;Зеленый Коктейль Сильный иммунитет 0,3л , цена за шт.
79432;;Окорочка жареные, цена за кг
102438;;Жар-Пицца Пирог с карт/печенью 100г
257441;;Морская капуста с авокадо и сладким перцем Мистер Хе, цена за кг
151803;;Шашлык из курицы, цена за кг
106508;;Салат Северный остров, цена за кг
171887;;Домашний ресторан Салат Юбилейный 150г, цена за шт
139920;;Патэ Карлиони, цена за кг
98651;;Грибы соленые, цена за кг
210442;;Салат Молодость с проростками овса и рукколой, 0,2кг, цена за шт.
139911;;Пирожки жареные с курицей и грибами 75г, цена за штуку
93249;;Бутерброд ФУРШЕТ с языком (огурец, лук, салат, майонез) 150г/24
107920;;Говядина с черносливом, цена за кг
159107;;Ролл Дальневосточный (угорь копч., кунжут, огурец), кг
147064;;Перец фаршированный мясом, цена за кг
256815;;Хе из курицы Мистер Хе, цена за кг
139893;;Баклажаны ИП Салиджанов, цена за кг
192706;;Жар-Пицца Пирог с рисом/мясом 100г
214965;;Салат Атлантида, цена за кг
102429;;Икра овощная, цена за кг
205116;;Ролл с огурцом и перцем (огурец, перец болг., васаби), кг
195117;;Жюльен с курицей и овощами 300г, цена за шт
146028;;ЛАМА Картофель в укропе, цена за кг
106532;;Соевый соус Мистер Хе 30г, цена за шт
106835;;Холодец по-домашнему, цена за кг
148107;;Баклажаны с мясом Мистер Хе, цена за кг
178541;;Слойка с мясом и рисом 80г (франц.выпечка)
208820;;ЕДОК Салат с печенью 150г
205118;;Хе из языка ИП Салиджанов 150г пл/уп
257556;;Картофельное пюре, цена за кг
164341;;Баклажаны Берендей, цена за кг
192811;;Ролл каппа маки (огурец, васаби), кг
29914;;Салат Сухоревский, цена за кг
148109;;Заливное из курицы 180г
169854;;Суши Набор 7 (Якудза,Хаси,Шахматы) 560г Империя суши
172255;;ФУД Заливное из говядины 180г, цена за штуку
120776;;Баклажаны фаршированные, цена за кг
252727;;ЛАМА Рис с овощами цена за 1кг
106831;;Хе из языка ИП Салиджанов 150г пл/уп
178531;;Суши Унаги маки (рол с копченым угрем) 95г, цена за порцию
106291;;Салат Ташкент, цена за кг
252717;;Пигоди 2шт*150г Мистер Хе, цена за упаковку
